time,actual_px,actual_py,pred_px_1s,pred_py_1s,error_1s,speed,heading,heading_rate
1783621423.982,4.580682754516602,1.2008452415466309,4.972517013549805,1.9104907512664795,0.8106360687865074,0.0,-2.972141981124878,0.0
1783621424.016,4.574010372161865,1.1786165237426758,4.226349538001218,1.324116866216637,0.3768798286845785,0.4653543579115951,-2.705353794115468,0.9678714633011081
1783621424.049,4.581864356994629,1.1582494974136353,4.630355832907369,1.599593725497069,0.44400016993100094,0.21749644026943274,-2.5876237991800286,0.7153933175758114
1783621424.082,4.58439826965332,1.1322436332702637,4.967008069725511,1.8854904639753753,0.844849718635555,0.0,-2.5330313832174083,0.4376890404742303
1783621424.116,4.601181983947754,1.1086609363555908,4.440106401097396,1.5008438942256042,0.42397265930040234,0.31077160506006707,-2.5245741025228687,0.08092367938188993
1783621424.149,4.598939895629883,1.0860294103622437,4.009763984420953,1.7787169916955334,0.9093648001117239,0.46371623016420926,-2.6698831777692575,-1.4509774201315817
1783621424.182,4.584316253662109,1.0581703186035156,3.8438244490433613,1.9707146869102068,1.1751873624387679,0.5405207496241654,-2.824002115752016,-1.6063964040226748
1783621424.216,4.5678911209106445,1.0277385711669922,4.058232047923163,2.0664010656824265,1.1569667878515286,0.44102745512945596,-2.9704053072828254,-1.5690029546255377
1783621424.249,4.545061111450195,1.0058115720748901,4.185703751797345,2.0778316356353157,1.1306479242508547,0.37728191108676445,-3.0930165158824945,-1.3411074067950863
1783621424.282,4.523085117340088,0.9817538261413574,4.598078217417012,1.974234120595699,0.995309549808161,0.17350425937723293,3.094587292886814,-1.081127428957064
1783621424.316,4.496810436248779,0.9603971242904663,4.59476353846224,1.9705777844001902,1.0149186057477506,0.17138660390232943,3.025490323960918,-0.7894718965388529
1783621424.349,4.475819110870361,0.9366800785064697,4.561974678955175,1.9253109746757162,0.9923778669299433,0.17733077415639292,3.009963062711396,-0.18406805600722653
1783621424.382,4.461860656738281,0.9164536595344543,4.541204478652305,1.8638924053142856,0.9507552887472065,0.1819401592808242,3.0403352264833305,0.356195706823747
1783621424.416,4.4453253746032715,0.8969746828079224,4.550977193950876,1.8158086678309941,0.9248882089013988,0.1767946977370565,3.0950048627044104,0.642295131828709
1783621424.449,4.428764343261719,0.8729601502418518,4.616693204454595,1.789453984235595,0.9355630414984349,0.14784847624153818,-3.1205502259628073,0.7870409026430606
1783621424.482,4.414777755737305,0.8522441387176514,4.668261119656329,1.7782403618845535,0.9600639671933696,0.12504073521419204,-3.0516030489492736,0.8098627445931953
1783621424.516,4.394539833068848,0.8250780701637268,4.687278417480998,1.7690563728740267,0.988327331804321,0.11644535156216451,-2.9869738861628665,0.7595585887524208
1783621424.549,4.374343395233154,0.801773726940155,4.700172309282085,1.7629900448272422,1.0149390577777146,0.11026570181800027,-2.9285158003911573,0.6825492421438677
1783621424.582,4.351169586181641,0.7813491821289062,4.705274124392229,1.7571138556336274,1.0380302124895542,0.10748833625797312,-2.878207476434971,0.5945899224357748
1783621424.616,4.326767921447754,0.7600364685058594,4.700955798822037,1.7488485553092714,1.0572444895020217,0.10896811546019823,-2.8341119946428504,0.5175847801744294
1783621424.649,4.302123546600342,0.739727795124054,4.689285102191672,1.7382532557172448,1.0709561921856292,0.1138221378465375,-2.7965030751063176,0.44660571260768994
1783621424.682,4.280158042907715,0.7173939943313599,4.680029863929232,1.7285175319280346,1.0873216090601154,0.11757104792666127,-2.7634623793375432,0.3925593947820853
1783621424.716,4.261137008666992,0.697403609752655,4.675428403695101,1.7206388542258317,1.1039237861041031,0.11919004717169364,-2.733878432658055,0.35163239743022495
1783621424.749,4.245563507080078,0.6799032688140869,4.676029097315496,1.7149642937400094,1.1210048838865188,0.11842219594530967,-2.7062476649001033,0.32582102083019576
1783621424.782,4.23442268371582,0.6608179211616516,4.667046174745162,1.7052652804796617,1.1305013805284714,0.12213665646809758,-2.681364091868767,0.2967108294693066
1783621424.816,4.22580623626709,0.6434066295623779,4.657639083002251,1.6958384631739023,1.1375818088903797,0.12587833660352524,-2.6585425598635313,0.2698780061383252
1783621424.849,4.218075752258301,0.6221158504486084,4.64172453476318,1.6835356606847391,1.1428430795518563,0.13261332968061376,-2.63834156440667,0.2415623078156982
1783621424.882,4.214517593383789,0.598137617111206,4.628526867504066,1.6726021644964837,1.1514676472421828,0.13798189814621342,-2.6200111850612875,0.21911013389672707
1783621424.916,4.209053993225098,0.5782734751701355,4.629990741026977,1.6699480087630498,1.1700175353153175,0.13615114671731354,-2.6029858887318995,0.20150010761604198
1783621424.949,4.209540843963623,0.5544584393501282,4.656487477984408,1.68119486850336,1.2121453190288223,0.12241051691638859,-2.586942416399969,0.19096342804416877
1783621424.982,4.211054801940918,0.5337322950363159,4.706879169370854,1.7060134675987793,1.2728255775563753,0.09739652506411076,-2.570614035912793,0.19327823609202602
1783621425.016,4.210076808929443,0.5093545913696289,4.73979022441959,1.7163914884661562,1.3181556711946618,0.08209859184813043,-2.553779704731449,0.1965780961754629
1783621425.049,4.208695411682129,0.4820186495780945,4.7811242311752915,1.732841539956463,1.3755844781331432,0.06279841066030134,-2.5358536332716968,0.21169226899520982
1783621425.082,4.214139938354492,0.452465295791626,4.838022920553741,1.760251495219947,1.4489771284920272,0.035860390147051766,-2.515265460546452,0.24307841543139172
1783621425.116,4.216773986816406,0.4209926426410675,4.914437346821999,1.8015602857050739,1.5468358610303807,0.0,-2.4913945213357622,0.2793720199003594
1783621425.149,4.2194414138793945,0.3920482397079468,4.934956838864272,1.796722466168346,1.576411115754203,0.0,-2.4645547737410785,0.31866159349711526
1783621425.182,4.22390079498291,0.362613320350647,4.9477074929881955,1.7893387494670268,1.599825486159235,0.0,-2.435567663014928,0.34470332688937794
1783621425.216,4.223883628845215,0.3361082673072815,4.950371400073588,1.777256917546978,1.6139064142112045,0.0022790200170042145,-2.4062824940839116,0.3455375428151516
1783621425.249,4.219791412353516,0.312889963388443,4.917847841914307,1.7323623964284882,1.5818295631994574,0.024919048309417116,-2.375406600204706,0.36801154175447437
1783621425.283,4.211824417114258,0.2939615845680237,4.847562135254893,1.6461737954444264,1.4942022317979289,0.0710849121275491,-2.3418896098272683,0.3991217917514547
1783621425.316,4.2052202224731445,0.2722179889678955,4.742004399323015,1.5058402548638616,1.3453479651862157,0.1439180447171987,-2.3051264555187263,0.43419355134200244
1783621425.349,4.198843479156494,0.25342369079589844,4.627556175200498,1.333897548872833,1.1624191729909543,0.2293465119886549,-2.2651450734368233,0.478655573312867
1783621425.383,4.207624435424805,0.23648235201835632,4.515662285028739,1.1201734749732768,0.9358404338229592,0.3283659389481281,-2.2199782691920458,0.5416337975170851
1783621425.416,4.199214935302734,0.21758964657783508,4.435784600500868,0.8950564792377774,0.717583804057931,0.42467531186508883,-2.1683327063617286,0.6143949565989746
1783621425.449,4.189103126525879,0.196018248796463,4.400603009046589,0.688161816656884,0.5356654662125037,0.5064335839668181,-2.1117700328026694,0.6792942110854371
1783621425.483,4.173283576965332,0.17175118625164032,4.390490463548346,0.5016205564568966,0.3949590269619101,0.5766874784202766,-2.0531333672604593,0.7034480768525826
1783621425.516,4.161205291748047,0.15134838223457336,4.390241650292723,0.34097275690714035,0.297346694962913,0.6347470848819732,-1.996304628525271,0.6750010640854063
1783621425.549,4.182011604309082,0.13070480525493622,4.404138594131933,0.2169899247751944,0.23829712851477255,0.675784921149716,-1.9440918399929694,0.6209114838371824
1783621425.583,4.221254348754883,0.10885336995124817,4.407986206667584,0.10970637589602814,0.1867338062019594,0.7102881233165507,-1.899021538356305,0.5357397539856998
1783621425.616,4.2438812255859375,0.08586776256561279,4.392981674579195,0.010449496700866534,0.1670893734383983,0.741973678185498,-1.863244056974286,0.4229783678303337
1783621425.649,4.227677345275879,0.06041267514228821,4.36939676284385,-0.07192247718591804,0.19389942201444182,0.7670607766865992,-1.837345682518444,0.310968030813619
1783621425.682,4.187841415405273,0.03789062798023224,4.348273225230699,-0.13224874817910887,0.2338498939998717,0.7825227860888379,-1.8189058805574816,0.22080503057136086
1783621425.716,4.139136791229248,0.012716040015220642,4.330159229437563,-0.1685284567546683,0.2633232604773454,0.7869763972320729,-1.8065206525942772,0.13200997173846601
1783621425.749,4.117949485778809,-0.012711107730865479,4.301310365739273,-0.19430179551147145,0.258062764048805,0.7883498093775049,-1.8018506327432002,0.039967334485395946
1783621425.783,4.131289482116699,-0.036298200488090515,4.257141113173139,-0.20690557851537172,0.21200356241561108,0.7870791423707625,-1.8057081368301926,-0.05937590757367174
1783621425.816,4.1211042404174805,-0.062327563762664795,4.194951721792744,-0.2039045117607871,0.15967931209124422,0.7826920662133046,-1.819267681884042,-0.16455285364370648
1783621425.849,4.099008083343506,-0.08517572283744812,4.12040599825556,-0.18498522522184818,0.10207745847543945,0.775167809458881,-1.841907777511083,-0.26656520035560055
1783621425.882,4.0669121742248535,-0.10941489040851593,4.041302275382643,-0.16475607138361908,0.06097961323612492,0.7693565429174202,-1.8718666321526465,-0.34902599229103426
1783621425.916,4.036751747131348,-0.1299613118171692,3.987074800047156,-0.14896030094155716,0.05318609460520864,0.7617326855810461,-1.9033813447232606,-0.3628766894122918
1783621425.949,4.005304336547852,-0.15369614958763123,3.9483948763843,-0.14755868612242748,0.057239454171869514,0.7575449599205945,-1.9321398133418248,-0.3346783169606592
1783621425.983,3.9772567749023438,-0.17371121048927307,3.930741361156457,-0.15470377536705132,0.050249042835426215,0.7526994202814757,-1.95544949591855,-0.2709084730190956
1783621426.016,3.953784465789795,-0.1956893503665924,3.9267474522433106,-0.17016617651544141,0.03718107724298553,0.7481650827955514,-1.972248735641406,-0.19515374054146822
1783621426.049,3.926835060119629,-0.22058211266994476,3.952174381822389,-0.18512545572708375,0.04358045141941176,0.7384644252750145,-1.9797081739824207,-0.0961159968674028
1783621426.083,3.907449722290039,-0.24236074090003967,4.00197506421527,-0.21510599721397056,0.0983761216936061,0.7310094398623941,-1.9761679061954003,0.029711417320403787
1783621426.116,3.891946315765381,-0.26642563939094543,4.077393412369,-0.23671232678872128,0.18781242393545103,0.7185929165275261,-1.9610659969746627,0.1550869183160608
1783621426.149,3.8836660385131836,-0.29134485125541687,4.132096664757738,-0.25621012720037284,0.2509028196148576,0.7094222340133239,-1.9414936327726564,0.21350837490422875
1783621426.183,3.888230323791504,-0.31611883640289307,4.156488951232264,-0.29083159768490735,0.26944783472572376,0.7104946211514598,-1.9222273981694948,0.21787917577839694
1783621426.216,3.8959157466888428,-0.3348725140094757,4.135536132315216,-0.33483401013372327,0.2396203887199087,0.7200977713736745,-1.9095510637415027,0.1442545577308614
1783621426.249,3.910459518432617,-0.35608023405075073,4.07686607154447,-0.3690660213962475,0.16691246685478675,0.7305390833145967,-1.9080747341383626,0.02176598200008524
1783621426.283,3.931032180786133,-0.3815953731536865,3.994255290044762,-0.39340459656712223,0.06431655542670943,0.7427006522110517,-1.9182363724731826,-0.1111699503030321
1783621426.316,3.9545583724975586,-0.4014209508895874,3.894660800788999,-0.40678423328771013,0.06013720890317439,0.7546589284804177,-1.9397050437031131,-0.2367610244414724
1783621426.349,3.97402024269104,-0.4179963171482086,3.7827564651942294,-0.41065734893836825,0.19140452721065546,0.7674491620582933,-1.9707251705511166,-0.35191904347389
1783621426.383,3.985659122467041,-0.4375649094581604,3.6707270734014625,-0.3972369366146358,0.31750360773117525,0.7763372984975024,-2.009850948075001,-0.4506853586910242
1783621426.416,3.986510753631592,-0.4611104726791382,3.5712691951541697,-0.3790968092164462,0.42326326663358116,0.782545105558827,-2.0538690176745806,-0.5048468742193073
1783621426.449,3.9810001850128174,-0.4783533811569214,3.4788291363789354,-0.36630843678233416,0.5145190294303574,0.7909323647245589,-2.0990114986718496,-0.5256164392266776
1783621426.483,3.9722352027893066,-0.49691540002822876,3.399560517988419,-0.35422528837802775,0.590183668508832,0.7974119889217062,-2.143511833564142,-0.520586856021014
1783621426.516,3.970141887664795,-0.5182759761810303,3.3210267095195265,-0.3566839400513895,0.6689263790874798,0.8088410663891188,-2.1862098472585383,-0.4964115316247495
1783621426.549,3.978684425354004,-0.5399436354637146,3.2514765166881867,-0.3680610830491731,0.7472449091500384,0.8211128499880966,-2.2244986473416555,-0.44999785497142086
1783621426.583,3.9832446575164795,-0.5604667067527771,3.1922760564389243,-0.38860874234426607,0.8094235527961993,0.8330172775934183,-2.2575475205297204,-0.38626227967233623
1783621426.616,3.974025249481201,-0.585591197013855,3.131977115742023,-0.4096110110140757,0.860240713636683,0.8451230647227379,-2.2866411874949204,-0.33556047235770115
1783621426.649,3.9566359519958496,-0.6172686815261841,3.0735892320732194,-0.4309376045772,0.9024914292130891,0.8570873823125754,-2.3117095868065594,-0.2904692850316517
1783621426.683,3.9343509674072266,-0.6477332711219788,3.0283497822001313,-0.4652728678270206,0.9241915095732162,0.8684854768052663,-2.3311698102341856,-0.2255988148022235
1783621426.716,3.9081735610961914,-0.6697706580162048,3.005713343001105,-0.5099001450052056,0.9165113344496243,0.8752125276273064,-2.343285108222325,-0.13890560707729485
1783621426.749,3.887773036956787,-0.6988842487335205,3.017188749500358,-0.566562062398436,0.8805828538885565,0.875315590218713,-2.3451998214683427,-0.02040904188827624
1783621426.783,3.8755111694335938,-0.7201685905456543,3.052871828182795,-0.6191375703470535,0.8288200967736716,0.8695996624351264,-2.3376044511406984,0.08901614060195748
1783621426.816,3.872560501098633,-0.7446041703224182,3.1143958692463074,-0.6693073461034336,0.7618944944867608,0.8572758381572667,-2.3203247006354957,0.19972879892525983
1783621426.849,3.87074613571167,-0.7691406011581421,3.1852461280392785,-0.7177824949026137,0.687421206828101,0.8439598011607868,-2.2951492890458542,0.2919335400026714
1783621426.883,3.8645946979522705,-0.7919031977653503,3.27249344714498,-0.7704660783072746,0.5924891908703632,0.8301694254615777,-2.2614779747330687,0.3871384098325596
1783621426.916,3.858286142349243,-0.8153207898139954,3.3583978212799,-0.8122554448126078,0.4998977194201871,0.8147501938811891,-2.222157311653253,0.4493120803394674
1783621426.949,3.845036506652832,-0.8349550366401672,3.4305182994583787,-0.8405831034317528,0.41455641260450216,0.7991437096818967,-2.181923470375787,0.45996989065353966
1783621426.983,3.8395090103149414,-0.8572093844413757,3.4937888880904757,-0.8567813788433101,0.3457203871623591,0.7818366370234616,-2.1427736942116558,0.44463817246751525
1783621427.016,3.8343663215637207,-0.8751887083053589,3.518733716719761,-0.8609604896942522,0.3159531348878005,0.7668384800241939,-2.110471491187521,0.358722346736731
1783621427.049,3.8295836448669434,-0.8956676721572876,3.531469318127085,-0.8708160961919527,0.2991483789618787,0.7567850917263351,-2.085400726371947,0.27512300245555665
1783621427.083,3.8193774223327637,-0.9117707014083862,3.5361694551345213,-0.8824196330845662,0.2847248459413233,0.7489192018680348,-2.066689268576395,0.19423533188391076
1783621427.116,3.800814151763916,-0.9257281422615051,3.498813330341137,-0.8846595529001853,0.3047804540520308,0.7446109774308812,-2.060042968815582,0.046609702901468215
1783621427.149,3.790165424346924,-0.9430285692214966,3.4556463065473593,-0.8809303840771633,0.3402340735017862,0.7417662071331658,-2.0641197141039087,-0.08221170587767201
1783621427.183,3.789918899536133,-0.9601317644119263,3.415844220792741,-0.8773218701168386,0.3831309748247138,0.7397095843449205,-2.075836762118222,-0.17538470713311208
1783621427.216,3.784207820892334,-0.9779878854751587,3.396427998733471,-0.8857111452813333,0.39860781133133616,0.7371758565572335,-2.089556867384695,-0.1962234149554547
1783621427.249,3.7718610763549805,-0.9958556890487671,3.391166662755818,-0.9013537909592289,0.39224844842030376,0.7340707184702115,-2.1016617068552765,-0.17439193398999756
1783621427.283,3.757042407989502,-1.0112372636795044,3.394559390590788,-0.916636280612554,0.37462419022229454,0.7283665685530509,-2.1112293657142613,-0.13675470026809994
1783621427.316,3.736377239227295,-1.0278829336166382,3.403742939375306,-0.9361594309743337,0.34504895069394986,0.7230574056765915,-2.117017049059277,-0.08970817016482403
1783621427.349,3.717231512069702,-1.0514086484909058,3.426225110479429,-0.9588717235319766,0.3053650409712512,0.7158006610742741,-2.1175781604034785,-0.02411853892759986
1783621427.383,3.704521417617798,-1.0754151344299316,3.470182907442953,-0.9664463522513438,0.2584351617726395,0.699141066107583,-2.112122138740957,0.042359642899273645
1783621427.416,3.696302652359009,-1.0986073017120361,3.5160002162952484,-0.9821377849505943,0.2146488219980957,0.6863685528192124,-2.1012566365278995,0.11280133274994586
1783621427.449,3.693253993988037,-1.1248537302017212,3.557099917379539,-1.0088661240375143,0.17886044101705648,0.6793091216220882,-2.085514698977454,0.17495933622070667
1783621427.516,3.6816225051879883,-1.1642310619354248,3.5834375627663215,-1.0483331627319823,0.15189669502038988,0.6800187895670337,-2.066899664896821,0.21233732785256776
1783621427.549,3.6640515327453613,-1.1810165643692017,3.6163553808951376,-1.0928091882599285,0.10027693703640124,0.6724150500865136,-2.0321849419091813,0.1861051716996593
1783621427.616,3.629020929336548,-1.2234612703323364,3.655667417627598,-1.0744915063106937,0.15133415322031243,0.6487894292754187,-2.016030516114128,0.15306227849653858
1783621427.649,3.607743263244629,-1.2451481819152832,3.728569284567232,-1.0715972870756574,0.21146829674512668,0.6177057268810053,-1.9879224405414242,0.1349680347396794
1783621427.683,3.5850300788879395,-1.2670371532440186,3.7378829515705845,-1.1218329036205694,0.21082759495864345,0.6274968518909418,-1.9741555876747254,0.15812861842832687
1783621427.716,3.5642590522766113,-1.2862794399261475,3.719844434773253,-1.2004309261764559,0.17769856093862244,0.6523358392148705,-1.9612825197656627,0.16603737133856566
1783621427.749,3.543644428253174,-1.3014365434646606,3.693243229298945,-1.276831315284112,0.1516087679791281,0.6773273679207442,-1.949985573115085,0.1506652341761959
1783621427.816,3.518897771835327,-1.3381612300872803,3.6751661311556543,-1.3245105431757365,0.1568634481892575,0.6888502437971408,-1.940463228910241,0.113369944792117
1783621427.849,3.5057601928710938,-1.354379653930664,3.5801865815408314,-1.4035959818096226,0.08922742997704239,0.7141442552877129,-1.941597321898748,-0.0423107333551754
1783621427.882,3.4974889755249023,-1.374646782875061,3.5133209529484373,-1.446579732936589,0.07365460483699306,0.7320473071532851,-1.951780320526136,-0.10438618542525835
1783621427.916,3.4930222034454346,-1.388375997543335,3.4492568947053686,-1.4890674322476638,0.10979147176319942,0.7488919877932422,-1.9651626868975063,-0.13397200803617934
1783621427.949,3.4919567108154297,-1.4042493104934692,3.3867549260569065,-1.5381015720821214,0.17024641978254815,0.7680326485050454,-1.979260980403806,-0.13875890434109125
1783621428.016,3.4929585456848145,-1.4255422353744507,3.332940927546876,-1.5847021241998482,0.2256933945100122,0.7841003154732704,-1.9925168258361583,-0.12423614393853404
1783621428.049,3.484431743621826,-1.435800552368164,3.2825895899777224,-1.7011590767054279,0.33339976218668815,0.8138651257788647,-2.0039458523347844,-0.0009901859074866216
1783621428.116,3.466459035873413,-1.4581600427627563,3.285756320824046,-1.7599341088462315,0.35174004347922394,0.8248419596873742,-1.9998628311230036,0.07867934137235706
1783621428.149,3.4561190605163574,-1.4749826192855835,3.307238238735667,-1.8591833214317741,0.412038443138161,0.8383948099646727,-1.9771470305084504,0.16922727666017337
1783621428.216,3.4384100437164307,-1.5104693174362183,3.3168051754024295,-1.8861586514272308,0.3948800066757953,0.8359011535227528,-1.9635466669253399,0.16476705849929954
1783621428.249,3.4313695430755615,-1.5326268672943115,3.326547499194923,-1.8708219301143096,0.3540671707446724,0.8051409184249607,-1.944485235432602,0.07446881595803982
1783621428.316,3.399611711502075,-1.5785582065582275,3.319670349091298,-1.8427882913771734,0.27605825317769167,0.7832433650021627,-1.9423603218831267,-0.008099650914903436
1783621428.349,3.387773036956787,-1.5999836921691895,3.3305806905480915,-1.7448517932853027,0.1557489364609616,0.7242619499182423,-1.9530133380293457,-0.1369021951037473
1783621428.416,3.362523078918457,-1.635779857635498,3.335672917701567,-1.6934831282853302,0.06364431318712435,0.6946855764036259,-1.9653004555568485,-0.1896056508479624
1783621428.449,3.347374677658081,-1.6572582721710205,3.3270806869881406,-1.6345362959797962,0.030465295983236277,0.6574193143362173,-1.9988325165095575,-0.24462555860975818
1783621428.516,3.330390453338623,-1.6977529525756836,3.314911911750993,-1.6170966073543018,0.08212813935643927,0.6448916140983743,-2.0187241111556102,-0.25477994827574446
1783621428.549,3.331106662750244,-1.716691255569458,3.2795608817348327,-1.5886997142224826,0.13798116609473654,0.6264104256335652,-2.062192829776172,-0.2890576878932209
1783621428.583,3.334124803543091,-1.733407735824585,3.27812154042594,-1.581267712961148,0.16212017775914234,0.6159520091170109,-2.0827159240558197,-0.2662454525687952
1783621428.616,3.3354625701904297,-1.751115322113037,3.272997369165277,-1.5955012179440273,0.1676831856670076,0.6139917197071996,-2.099687838423923,-0.22198312690318905
1783621428.649,3.3326354026794434,-1.771606683731079,3.2517972024182686,-1.6386044168835183,0.15564195323901442,0.6255544864868443,-2.1132647808671283,-0.17648079463425323
1783621428.683,3.328583002090454,-1.7897107601165771,3.216052944758851,-1.701325585322472,0.1430907157241111,0.6467183773778934,-2.124073063741841,-0.13684544450508884
1783621428.716,3.3234071731567383,-1.8095600605010986,3.1736110030824114,-1.7656902276103157,0.15608797137128116,0.6698475164305195,-2.1327883484728867,-0.10539053878558854
1783621428.749,3.3173975944519043,-1.8287893533706665,3.1216592297216983,-1.8342959723808128,0.19581580702327903,0.6964045918055775,-2.1404698812964082,-0.09186116883452249
1783621428.783,3.3101143836975098,-1.8493691682815552,3.0793103338694108,-1.8886204380938858,0.23411785835115606,0.7151885811990384,-2.147258550409291,-0.0813241463234138
1783621428.816,3.299870014190674,-1.864233136177063,3.051987714283839,-1.9319330175067138,0.25696090858173487,0.7266902729946906,-2.152255858173937,-0.06685601160443158
1783621428.849,3.2902474403381348,-1.8821587562561035,3.0504588643114157,-1.9772277050662335,0.2579470221204051,0.7324127733395887,-2.152609182219436,-0.01654290122316963
1783621428.883,3.2807164192199707,-1.9003808498382568,3.065872983765754,-2.0215182525364552,0.2466413835718485,0.7343113367302824,-2.147517727108137,0.04691349404809093
1783621428.916,3.270979404449463,-1.9155638217926025,3.0865588587601342,-2.0631242687077167,0.2361885330962068,0.7348914370854961,-2.1380543730058292,0.09911413677714172
1783621428.949,3.259357452392578,-1.92698073387146,3.096032061574741,-2.097072216661291,0.23580987215009175,0.7351548536674938,-2.127577331800684,0.11557859469989137
1783621428.983,3.2463955879211426,-1.9369338750839233,3.104409581078489,-2.1246671096449727,0.23538010429489598,0.7330564806320179,-2.116724992369125,0.11747540603560128
1783621429.016,3.232511520385742,-1.9454096555709839,3.1072510925483496,-2.1374670395708204,0.22929503599264264,0.726923066538921,-2.1079650421089595,0.09391819410877053
1783621429.049,3.2180700302124023,-1.9512269496917725,3.1073000911355586,-2.1459242267390577,0.2240022524277714,0.7198193285933608,-2.101468328382979,0.06604500231465443
1783621429.083,3.2037644386291504,-1.9548847675323486,3.095510023508083,-2.143137962978261,0.217159581848928,0.710711503814057,-2.0994220802322183,0.01618983422649365
1783621429.116,3.189389705657959,-1.9548683166503906,3.074149775861313,-2.1363108597248783,0.21494566256817832,0.7031987940510048,-2.102261579114922,-0.03452757183772152
1783621429.149,3.1749038696289062,-1.9566750526428223,3.050043983987463,-2.1274274173899137,0.21153335696555758,0.6960552334501034,-2.108939420648265,-0.0801587012440142
1783621429.183,3.1614673137664795,-1.9575988054275513,3.032985045821493,-2.1098243156598016,0.1991991444302818,0.6843062118501771,-2.1185168723186703,-0.11891018370428504
1783621429.216,3.1482601165771484,-1.9569456577301025,3.021830870830532,-2.09679981255116,0.18852994139067303,0.6732917779280845,-2.1291877173100358,-0.13432678377262464
1783621429.249,3.135007381439209,-1.9564440250396729,3.010140407604433,-2.093383853266129,0.185322091800589,0.665811808787223,-2.139964352173803,-0.1331799678722843
1783621429.283,3.1229257583618164,-1.9537668228149414,2.9974293824531366,-2.093703557954578,0.1879670987373948,0.6596299751444769,-2.1504564352739934,-0.12526219380729872
1783621429.316,3.1117677688598633,-1.9510290622711182,2.976110277666677,-2.101902280252665,0.20289327938829507,0.6585415417550143,-2.1606588934676827,-0.11837970972110048
1783621429.349,3.1016881465911865,-1.9491887092590332,2.9447544869452127,-2.1250038891072913,0.23566745849810003,0.6649575867434704,-2.170324864245369,-0.11145675147533862
1783621429.383,3.0913383960723877,-1.9445594549179077,2.9156112272869885,-2.156200862801169,0.2750856655301055,0.6731693875422177,-2.178436391238505,-0.09492961397427484
1783621429.416,3.0802805423736572,-1.942555546760559,2.8952979989677448,-2.1897673877299932,0.30875918720002016,0.6801068084022075,-2.183910030433082,-0.06834751236256255
1783621429.449,3.066565990447998,-1.9422204494476318,2.8781944258876297,-2.2213402175974153,0.33673682796348525,0.6855837490918496,-2.1876253917821793,-0.05363682060926599
1783621429.483,3.050952196121216,-1.9374109506607056,2.8723647069142,-2.2467939256232374,0.3572272616947544,0.6861332167479267,-2.189491050430918,-0.035263596609380915
1783621429.516,3.0361199378967285,-1.9321593046188354,2.8726440525747754,-2.26938476454081,0.3747604246733952,0.6838683471846845,-2.18955128511062,-0.011646846920514632
1783621429.549,3.021554946899414,-1.9275667667388916,2.8621292451072224,-2.2881985551636745,0.39429917729357516,0.6834026765874242,-2.189977445789458,-0.010486594594963112
1783621429.583,3.0069117546081543,-1.9228594303131104,2.833865806795473,-2.311268043261639,0.4252130650238643,0.6888439688231344,-2.1923835214954153,-0.029976043278283168
1783621429.616,2.991610050201416,-1.9182634353637695,2.799399906862303,-2.330210555480077,0.4545824116423358,0.6942338680455464,-2.197348247199417,-0.06040445587221873
1783621429.649,2.976618766784668,-1.9133822917938232,2.755542599669815,-2.35373797975581,0.4927350237061185,0.7038131503810328,-2.2048486569597783,-0.08847354064937377
1783621429.683,2.961991310119629,-1.9087772369384766,2.702121167953303,-2.379609987594275,0.5377880343403448,0.7163621150725995,-2.2150898758919686,-0.11761331712183277
1783621429.716,2.9489593505859375,-1.9013794660568237,2.6481770797384083,-2.4027413752956353,0.584665492817716,0.7284244605462991,-2.227169178760884,-0.13912094323595658
1783621429.749,2.937948226928711,-1.8941357135772705,2.601196936123569,-2.421872231346767,0.6260249707850345,0.7372259503410203,-2.239937845362428,-0.1448010772485661
1783621429.783,2.927281379699707,-1.8859529495239258,2.561135055200422,-2.4298626861886787,0.6556683098816478,0.7407401794789907,-2.25330545807711,-0.15448638973689058
1783621429.816,2.9173760414123535,-1.8766851425170898,2.521531601142673,-2.4315415524010766,0.6815852525412822,0.7421327652555813,-2.268016018740209,-0.17271676091199348
1783621429.849,2.9070820808410645,-1.8683321475982666,2.4929779256262754,-2.4327309914322477,0.7000202184846439,0.7405918001517339,-2.2823158547233655,-0.17049523564577557
1783621429.883,2.898115634918213,-1.8599910736083984,2.470233333436689,-2.432490812926775,0.7147301696729575,0.7371333526496985,-2.295993740792831,-0.16759630136953646
1783621429.916,2.8901619911193848,-1.8521006107330322,2.4591205421414983,-2.4168814803638736,0.7104746029506792,0.7256631589541868,-2.3100351417080005,-0.17318838617171603
1783621429.949,2.881465196609497,-1.8437650203704834,2.462231912781377,-2.3966839971554066,0.6938846742493996,0.7092034616453008,-2.3232027275028417,-0.16876163602911048
1783621429.983,2.8706750869750977,-1.835494041442871,2.4787774614314726,-2.3652352693337493,0.6589457621337789,0.6858142372673175,-2.3360599638733492,-0.1674683018649917
1783621430.016,2.858523368835449,-1.8299767971038818,2.50292263628264,-2.323257440579158,0.6080934749028944,0.6572608746436921,-2.349620541616925,-0.1742986904148116
1783621430.049,2.8446123600006104,-1.8230936527252197,2.522864966178373,-2.2848211145315167,0.5627731642655744,0.6317212802246911,-2.363717842073233,-0.17911407477526495
1783621430.083,2.8308773040771484,-1.8168628215789795,2.5383799299988,-2.247862143722354,0.5208791889975809,0.6084483263530632,-2.378804049341177,-0.1892510611019228
1783621430.116,2.817574977874756,-1.8106789588928223,2.5433670216600026,-2.2121403300455205,0.48616996593709544,0.5891277975176843,-2.3961854569656196,-0.21276931560266787
1783621430.149,2.804978847503662,-1.8047107458114624,2.535320087277996,-2.1822514490966194,0.46395347784394747,0.5764510895928892,-2.4160184864502905,-0.24487181241718944
1783621430.183,2.7926149368286133,-1.7989845275878906,2.5230674606728427,-2.1593647553598574,0.45003305486477363,0.5674256153436802,-2.4376028690772866,-0.2664056627480015
1783621430.216,2.7808642387390137,-1.7925269603729248,2.506590573010736,-2.1430824412849723,0.4451013243178501,0.561641414041859,-2.46042877490451,-0.2807731882436721
1783621430.249,2.7694685459136963,-1.7879259586334229,2.480550471685919,-2.122934893409559,0.4423851715364441,0.5591811735001854,-2.4860608796851147,-0.3199962959630247
1783621430.283,2.7561326026916504,-1.7802996635437012,2.4333852359431734,-2.10939545201131,0.46094457446659787,0.5663370266263236,-2.5155205318240323,-0.3653965574075234
1783621430.316,2.741464853286743,-1.771634578704834,2.387310943128565,-2.1084391348129503,0.4887354101101252,0.5757115145250902,-2.5453404688986727,-0.3670837576947451
1783621430.349,2.72499418258667,-1.7605258226394653,2.3465920796660065,-2.114791775454791,0.5183555891653246,0.5847836585570446,-2.572704051433808,-0.3428427625806837
1783621430.383,2.7073960304260254,-1.7504339218139648,2.3105791406467837,-2.122037863552278,0.5436479867796095,0.5921762670036113,-2.5977232494945497,-0.3148149198304675
1783621430.416,2.6901352405548096,-1.7416855096817017,2.2804096772573734,-2.130896421515622,0.5651196077911232,0.5972820146854505,-2.620099474300388,-0.2809942114825917
1783621430.449,2.6725873947143555,-1.7336399555206299,2.2434417092238803,-2.1349059646350104,0.5875205778912531,0.6044514905033049,-2.641458707059835,-0.2727844419286764
1783621430.483,2.653477668762207,-1.7252001762390137,2.2188608413951556,-2.1463109818266237,0.6051661732228986,0.60796165559768,-2.659805674047711,-0.23827919830238495
1783621430.516,2.6347715854644775,-1.7146227359771729,2.2050166883824236,-2.1569308918062924,0.6167055831423642,0.6069297290787312,-2.6753820698009596,-0.20643342400319847
1783621430.549,2.6169164180755615,-1.7038739919662476,2.2140206254657997,-2.1625326942703826,0.6104857286636285,0.5965486707004829,-2.687844905585077,-0.1740681584256804
1783621430.583,2.5997488498687744,-1.692819356918335,2.24664158054148,-2.1672683727555553,0.5914276052744624,0.5767094989135652,-2.6966206868327625,-0.13052309056590194
1783621430.616,2.5843989849090576,-1.6823532581329346,2.2852628103726476,-2.159976306959243,0.56356563742515,0.5532488643243677,-2.704486742924051,-0.12139798672258545
1783621430.649,2.5701260566711426,-1.6683162450790405,2.3185378560811714,-2.1513841388271486,0.5446569678672376,0.5320027632410301,-2.712825517341278,-0.1272744437387493
1783621430.683,2.556330442428589,-1.6545493602752686,2.348041619078847,-2.1419177889103795,0.5300115273866005,0.5121431139263389,-2.722381364364976,-0.13956041824699827
1783621430.716,2.5429983139038086,-1.6425821781158447,2.370550056991423,-2.1339075226155333,0.5207100877262297,0.4957589041618709,-2.73318861701774,-0.155046841838727
1783621430.749,2.529297351837158,-1.632207989692688,2.385785839800992,-2.1249385212631062,0.51320457015558,0.48239111662174683,-2.7461682460378634,-0.17978560859007298
1783621430.783,2.513338327407837,-1.6219348907470703,2.3936406556993584,-2.116868897982392,0.5092025177966468,0.47213915146187124,-2.7615961401906035,-0.20688860559442845
1783621430.816,2.497159481048584,-1.611790418624878,2.3946226200809684,-2.1083983412572382,0.5070830668424262,0.46496857342934567,-2.779167628825949,-0.23136625613361603
1783621430.849,2.4808034896850586,-1.6007106304168701,2.3895278579197075,-2.098991136466655,0.5065715188040025,0.4603819667636321,-2.799183033556126,-0.2594392677372679
1783621430.883,2.464491844177246,-1.5901544094085693,2.3814834785483026,-2.0895659910529085,0.5062630903442289,0.45703518186328973,-2.821497680548545,-0.28412413800800784
1783621430.916,2.448909282684326,-1.5772230625152588,2.373100971540836,-2.0788653897129383,0.5073380770992179,0.45409498358513944,-2.845357093376506,-0.3039028100300535
1783621430.949,2.4336695671081543,-1.56417977809906,2.3636917962945394,-2.0693528964825214,0.509996831309091,0.4517615160605263,-2.8700286425110444,-0.3109155023469752
1783621430.983,2.4181056022644043,-1.5525579452514648,2.352667866496248,-2.062020931869263,0.5136483544176793,0.4500794952211458,-2.8945847541377363,-0.30476095685527993
1783621431.016,2.403135299682617,-1.5407921075820923,2.3396751917933787,-2.0584167877970696,0.5215002347659792,0.4495706233338511,-2.9172029003591704,-0.2825098320119938
1783621431.05,2.3887040615081787,-1.5270814895629883,2.3250353179287035,-2.0556189359978516,0.5323584705749267,0.4496936175811881,-2.9379609353910556,-0.25776724469259826
1783621431.083,2.374640941619873,-1.5121625661849976,2.310866995150152,-2.053663895717676,0.5452438043059096,0.44936572335109226,-2.9566872848537966,-0.2292782774358759
1783621431.116,2.359485626220703,-1.4989303350448608,2.297901550644498,-2.0506500905185785,0.5551461852021993,0.44857137778578066,-2.9731505802416542,-0.20155237945454044
1783621431.15,2.343085289001465,-1.4834970235824585,2.2840643208573654,-2.0437196806698688,0.5633230868646738,0.44800250369251193,-2.9887832268699377,-0.19005765117506934
1783621431.183,2.3265304565429688,-1.4681615829467773,2.272298374575285,-2.033315618374023,0.5677501232710127,0.4463141374909381,-3.0045187523921024,-0.18842684797308257
1783621431.216,2.3089001178741455,-1.4493483304977417,2.26267524106963,-2.0226759836447603,0.5751880884533865,0.44395094969166327,-3.019737090802243,-0.1827322048607193
1783621431.25,2.2921948432922363,-1.4305572509765625,2.253784558327996,-2.010088516582947,0.5808027529259586,0.4413305714623121,-3.0350305000591398,-0.1825965628352818
1783621431.283,2.276064872741699,-1.4129090309143066,2.2484836208142838,-1.996521420010001,0.5842637642057461,0.4370926889044203,-3.0504752375479463,-0.1814652042030811
1783621431.316,2.2621889114379883,-1.3950998783111572,2.2468841908888852,-1.9822489575246907,0.5873485129736742,0.4316088390457285,-3.065692551677276,-0.17969677747273355
1783621431.35,2.247929573059082,-1.3777525424957275,2.249092294359801,-1.9660794612984083,0.5883280677552952,0.4247193694037163,-3.081372214594266,-0.1848660091047507
1783621431.383,2.233063220977783,-1.3596887588500977,2.253897591694091,-1.9487400680403006,0.5894196432609254,0.41675284730485157,-3.097773218060367,-0.1906537491769013
1783621431.416,2.2176475524902344,-1.3418687582015991,2.2579819631901494,-1.9305287868726766,0.5900402478149632,0.4095338804658722,-3.114730331763105,-0.1994262637520412
1783621431.45,2.2022767066955566,-1.3238215446472168,2.2558719244935475,-1.908907828912849,0.5875358775484082,0.4052924692113687,-3.1335142552989628,-0.2218172256912768
1783621431.483,2.1873297691345215,-1.3057467937469482,2.246045869448813,-1.888686161113395,0.5858889711043476,0.4042327752566966,3.1299631425132253,-0.2298485474125834
1783621431.516,2.1732494831085205,-1.2875878810882568,2.232107363014104,-1.8696896533000988,0.5850698447528699,0.4051163053004465,3.110643766680914,-0.2268417930349158
1783621431.55,2.1600561141967773,-1.2713561058044434,2.2153115513625163,-1.8532706130853074,0.5845319983716099,0.40713130523988134,3.092446455467276,-0.21309293702029689
1783621431.583,2.147975444793701,-1.2568460702896118,2.1964831201752646,-1.8403575078898589,0.5855242030704026,0.4096520506408667,3.07620407616095,-0.18794360189380938
1783621431.616,2.1366782188415527,-1.2416424751281738,2.175147668105592,-1.8290245837290247,0.5886405015211408,0.41329128478291216,3.0623822537003136,-0.16096437039378247
1783621431.65,2.1254968643188477,-1.2267017364501953,2.1527010617788966,-1.8181989538974466,0.5921224760193504,0.41734587417201796,3.050481605111793,-0.13787097757864858
1783621431.683,2.113898992538452,-1.2113087177276611,2.1310532805073956,-1.8062223047115675,0.5951608568897818,0.42097406618252853,3.039616588875826,-0.12444965989862686
1783621431.716,2.1021900177001953,-1.1964558362960815,2.113131944000306,-1.7914745209580463,0.5951192828736199,0.4234147163997617,3.0290002547482846,-0.12186528693957197
1783621431.75,2.089695930480957,-1.1814420223236084,2.10183556701176,-1.7730921878396562,0.5917746945673384,0.4234418124668505,3.017353813210339,-0.13345810120561813
1783621431.783,2.0761892795562744,-1.1666605472564697,2.0959005392239773,-1.7519090624874123,0.5855803602732168,0.42142151288215723,3.0039554875296366,-0.15221207144786356
1783621431.816,2.0616722106933594,-1.152263879776001,2.0944196819866394,-1.7290449288413825,0.5777099405731793,0.4180571791492141,2.988979475430389,-0.17176421048115545
1783621431.85,2.0457894802093506,-1.1383312940597534,2.094458878238525,-1.7064283379027043,0.5701780086320604,0.41425057787489167,2.9727399779724273,-0.18650042727629648
1783621431.883,2.0295801162719727,-1.1251683235168457,2.0981090622672443,-1.6846937294615552,0.563706391960225,0.40893116391401774,2.9554377626872306,-0.197200490288372
1783621431.916,2.0110762119293213,-1.1113064289093018,2.1056333970790226,-1.663964326048744,0.5606886948512741,0.4023594938816606,2.9376331113331204,-0.20530740759690044
1783621431.95,1.9904325008392334,-1.0993292331695557,2.1138425706647115,-1.6423358061340867,0.5568538260773773,0.3958983270177772,2.9188534889303277,-0.21683032044112593
1783621431.983,1.9701627492904663,-1.0862343311309814,2.1184740294264186,-1.619776462565847,0.5537720125030015,0.391102570508772,2.8990538887405606,-0.22717755778318216
1783621432.016,1.9512618780136108,-1.072213888168335,2.1189768634816715,-1.5958677919972943,0.5498560969434283,0.3886097382988253,2.8785396839769835,-0.23930579688457762
1783621432.05,1.9332726001739502,-1.0577000379562378,2.1132936483206777,-1.568193715984654,0.5413052494506465,0.3893826060588179,2.8565751527840995,-0.25712155443104795
1783621432.083,1.9148799180984497,-1.0432664155960083,2.1045061195302996,-1.5383647690459161,0.5301702329047552,0.3918238156938284,2.832925000402831,-0.27550102493600553
1783621432.116,1.8961989879608154,-1.0278289318084717,2.0943104920079643,-1.5081868185311416,0.5196074165872662,0.3952812162491709,2.808528745918572,-0.2878193010082737
1783621432.15,1.8777923583984375,-1.0127787590026855,2.083891489412723,-1.4795983251358602,0.510291445283584,0.3987558384378419,2.7838636913442585,-0.29136008536400587
1783621432.183,1.860270619392395,-0.9959140419960022,2.0740526505760357,-1.4531025241812676,0.5047019567030328,0.4016433903873445,2.759347517276945,-0.28756570803612624
1783621432.216,1.8436715602874756,-0.9780594110488892,2.064870798464609,-1.4292725887711775,0.5025161039413459,0.4040578326586212,2.736159606353569,-0.27483676194493756
1783621432.25,1.8269282579421997,-0.9591055512428284,2.057091930022878,-1.4093683921413116,0.5056796830401977,0.4052854711155538,2.714573995636364,-0.25630442253833213
1783621432.283,1.8070752620697021,-0.940968930721283,2.0475210458578874,-1.3864044816154522,0.5061887048738907,0.4077408644266349,2.6935042995224485,-0.2479260788999529
1783621432.316,1.7868419885635376,-0.9223285913467407,2.0347623481141386,-1.3587855415004366,0.5019553506211135,0.41261450133791655,2.6726233772661967,-0.24812197656306928
1783621432.35,1.7666174173355103,-0.9036910533905029,2.0148287753486356,-1.3262439940114548,0.49006108381928626,0.4211715107552715,2.651767743389062,-0.24724686762938716
1783621432.383,1.7456127405166626,-0.884516716003418,1.9895952725621808,-1.2902067300935762,0.4734045452631556,0.4322468404612964,2.6309547330762983,-0.24488795703543362
1783621432.416,1.7273015975952148,-0.8657048940658569,1.9622521528742627,-1.254275240840177,0.4540800345954975,0.44418046258412663,2.6111197257954757,-0.23642645645118593
1783621432.45,1.7103586196899414,-0.847752571105957,1.9337162795868807,-1.2192127647726312,0.43344125289769075,0.45626498986164354,2.592312749859655,-0.22495384757337628
1783621432.483,1.6955697536468506,-0.8315871953964233,1.9038582496395522,-1.182099590287861,0.40772912151995333,0.4690843371852524,2.573963323876775,-0.2186150190941242
1783621432.516,1.68291175365448,-0.8148297071456909,1.8733913262489439,-1.1425372684883384,0.3790444740883511,0.48282605824039504,2.5561152443404094,-0.2150011928279373
1783621432.55,1.6735291481018066,-0.7988547086715698,1.8425806816981847,-1.104000503604626,0.3488443451979896,0.4962877203776307,2.539013446766451,-0.20601426440122553
1783621432.583,1.6663488149642944,-0.7833159565925598,1.8123847455618296,-1.0679131962555732,0.31987822972077173,0.508562935191969,2.5229969347030217,-0.19135689694709412
1783621432.616,1.6613526344299316,-0.7679585218429565,1.7854046127842644,-1.0370593264029195,0.29631762746830176,0.5184533688585505,2.50885155022444,-0.17078175573575508
1783621432.65,1.655846357345581,-0.7516361474990845,1.7588706141317643,-1.0084418506770658,0.2767004999472948,0.5274219352700693,2.4965830620093072,-0.14676723683434958
1783621432.683,1.6522245407104492,-0.7348570823669434,1.7352870331939996,-0.9810861421936784,0.25986174701317183,0.5347756193329668,2.4857166199355127,-0.12781844110007018
1783621432.716,1.6483056545257568,-0.7177231311798096,1.7152905594950838,-0.9577220166668399,0.24917151227370768,0.54003320593713,2.4764690311866904,-0.10950688363151236
1783621432.75,1.6430436372756958,-0.7010411620140076,1.6959702113790889,-0.940971241198043,0.24569832140977169,0.5431892159374134,2.4694213320809277,-0.08364304650827493
1783621432.783,1.6373364925384521,-0.6835342645645142,1.6751266215299545,-0.9270380338633212,0.24641870771498053,0.5458018087042684,2.464609582057663,-0.057469057713242344
1783621432.816,1.630274772644043,-0.6663719415664673,1.6546119502521297,-0.9135329615380741,0.24835633273047936,0.5484137404591755,2.4614715550609763,-0.03893091610696157
1783621432.85,1.6212892532348633,-0.6506115198135376,1.6329768009318852,-0.8994817882528772,0.24914455499616905,0.5515039374951656,2.459524351803526,-0.025071555429776602
1783621432.883,1.611586093902588,-0.6336199045181274,1.610806505618814,-0.8870070154495541,0.2533883101961637,0.5540689247967686,2.4587558753243,-0.01139119739232499
1783621432.916,1.6011149883270264,-0.6160372495651245,1.5862850997310978,-0.8754507021729226,0.2598369969609139,0.5573849666463865,2.459386049144669,0.005968348080061026
1783621432.95,1.5907096862792969,-0.5974794626235962,1.5603845875498643,-0.864954395601209,0.2691885052975485,0.5609852358485004,2.461500598982566,0.024405058506698316
1783621432.983,1.581118106842041,-0.5765558481216431,1.5342502788571573,-0.8570510552412899,0.2843838154978483,0.5637600488226654,2.4652471221474865,0.04345388445662568
1783621433.016,1.571993350982666,-0.5543102025985718,1.5085477311954887,-0.851365378252014,0.3037550395510772,0.5660716968428209,2.470439673785334,0.06143140221984264
1783621433.05,1.5617468357086182,-0.5312051177024841,1.482398360740197,-0.8459415168742517,0.32458462909297536,0.5682597081555185,2.4769611564147835,0.07771514394854387
1783621433.083,1.5506936311721802,-0.5077338218688965,1.4558355464881414,-0.8393377992595322,0.34490470285459074,0.5711322471546136,2.4843080721831123,0.08978253444148836
1783621433.116,1.5417098999023438,-0.4830339550971985,1.4287436045201622,-0.8325421045798496,0.3673109451774633,0.5742310306918224,2.4924203127066544,0.09902557054727704
1783621433.15,1.5333095788955688,-0.4578710198402405,1.3996474140080055,-0.8210586345949055,0.38700234861511257,0.5788620644731995,2.5006025493025836,0.09967317568974826
1783621433.183,1.5255005359649658,-0.43342137336730957,1.3691434558160596,-0.8066901247788663,0.4046938315480408,0.5848343017095603,2.5083544608561334,0.09600427583711146
1783621433.216,1.5178859233856201,-0.41012370586395264,1.3332029879855392,-0.7867706893729072,0.41948866112731237,0.5939088439536869,2.515614708206906,0.09153823876806705
1783621433.25,1.510919213294983,-0.38719838857650757,1.29470061991824,-0.7659366028341666,0.4361113562622484,0.6037628076987028,2.5228008525335737,0.0914008990221319
1783621433.283,1.504252314567566,-0.36463662981987,1.2566149408905627,-0.7465330733813424,0.45515839270142505,0.6132889289799098,2.5300236163845984,0.0936498236611318
1783621433.316,1.4966342449188232,-0.3424040377140045,1.222551950711449,-0.7288855272146686,0.47380274980695236,0.6209104606382202,2.537227060785473,0.09487157314026558
1783621433.383,1.4781723022460938,-0.30140984058380127,1.191419338854958,-0.7137875750254064,0.5022774710026212,0.6266113249799085,2.5446345082747595,0.09750437069420918
1783621433.416,1.4699959754943848,-0.28141435980796814,1.129834823860188,-0.6874371071871681,0.5296829999824957,0.6373228748051465,2.560121260141429,0.1081355302218785
1783621433.483,1.463944911956787,-0.24320675432682037,1.0990748705567412,-0.675975160958687,0.5660553337704326,0.6419877797312828,2.568771178883331,0.11435280152092465
1783621433.516,1.465818166732788,-0.22517791390419006,1.0435911809134562,-0.6530893270236588,0.6011520648155332,0.64952766901577,2.5861602980166722,0.1157527211239007
1783621433.55,1.4673354625701904,-0.2066919207572937,1.0231981231400344,-0.6429220731036941,0.6225389321899967,0.6500252232638283,2.5943384361149917,0.11063815437861409
1783621433.583,1.4701831340789795,-0.18779385089874268,1.011132542192795,-0.6333216761132522,0.639705001505715,0.647585996187579,2.6013387566725896,0.09725243494920122
1783621433.616,1.4750981330871582,-0.16827645897865295,1.0055001134968498,-0.6229285726156599,0.6536289807205137,0.6429475112107971,2.6067762384995135,0.07880033471966064
1783621433.65,1.4777185916900635,-0.14743690192699432,1.0047646329991118,-0.6133886934019449,0.6639250853975607,0.636124054496513,2.610761562315007,0.06119025397230015
1783621433.683,1.4787976741790771,-0.1272512674331665,1.0053552294723989,-0.6044938407330817,0.6722411934862078,0.6290511408270401,2.6135660536248597,0.0477107456840376
1783621433.716,1.4807406663894653,-0.10589058697223663,1.007774801256307,-0.593483569499291,0.6792964199749512,0.621799555443715,2.614989143717043,0.030917494556098084
1783621433.783,1.4774178266525269,-0.05848272889852524,1.0098516958831762,-0.5818224005613343,0.7017852225423091,0.6146391025972558,2.6152661900727203,0.01687821049425613
1783621433.816,1.47371244430542,-0.03797818720340729,1.0062511663995226,-0.5541612253823438,0.6963942670966297,0.6048975202753847,2.6134639051380733,-0.005409762758804478
1783621433.883,1.4598305225372314,0.006065495312213898,0.9996898503565429,-0.5370553282170668,0.71183542139038,0.6023790449272743,2.6112455517068973,-0.01560629061833049
1783621433.916,1.4397821426391602,0.029356040060520172,0.9804073185892923,-0.48833840535744294,0.6921219313007351,0.6034819926052352,2.602352964644272,-0.05498991820095403
1783621433.983,1.4078495502471924,0.07784232497215271,0.963322300732839,-0.45812337084872035,0.6963215511942373,0.6077976110434676,2.5956476049957864,-0.07398094255366175
1783621434.016,1.4000381231307983,0.10079516470432281,0.9197549559231991,-0.3931535105963153,0.6889537100083125,0.6212035081920346,2.5797513236256435,-0.09826753008328584
1783621434.083,1.4269838333129883,0.14368906617164612,0.9004797614534914,-0.3568773781474923,0.7264800774026329,0.6276931743980733,2.5697251107203574,-0.11468230195932533
1783621434.116,1.4385428428649902,0.1639959216117859,0.869941376213166,-0.2719267112653614,0.7164748214230209,0.641778642449783,2.5438903931754515,-0.16334248955943204
1783621434.15,1.4498347043991089,0.18337878584861755,0.8587793293886546,-0.22436479082594527,0.7180538145906015,0.6487249178615778,2.527455122277999,-0.19092468851441832
1783621434.183,1.450188159942627,0.20288921892642975,0.845135404715271,-0.18017056077460647,0.7161170514886662,0.6559125120122541,2.5104995281191984,-0.19839594902530489
1783621434.216,1.4630242586135864,0.2213398516178131,0.8291738347843441,-0.1390970519054318,0.7291646735888506,0.6629849940755197,2.4939537280371127,-0.192329928554924
1783621434.283,1.4837439060211182,0.2564660310745239,0.8104697567578386,-0.1001922804955343,0.7619076264733131,0.6700098659718353,2.47845015264695,-0.17722867000678055
1783621434.316,1.4925565719604492,0.27307844161987305,0.7576459788943479,-0.02197641975160295,0.7919286274783288,0.6893486894461833,2.453328762898253,-0.13812450405424065
1783621434.35,1.5015380382537842,0.2902502417564392,0.733333931056246,0.024160876077413955,0.8129828416655746,0.7000566482362027,2.441233922970186,-0.1389926081680048
1783621434.383,1.5126477479934692,0.30739277601242065,0.7089091998469687,0.07323491884467707,0.8371532451409563,0.7118939006227656,2.428998089616435,-0.14282651881637395
1783621434.416,1.5228816270828247,0.323293536901474,0.6921547221921038,0.1253187018545412,0.8539913499685914,0.7223445428014523,2.415374062951935,-0.15923480273547286
1783621434.45,1.5324044227600098,0.33938196301460266,0.6867728928553798,0.17930036267041893,0.8606502211337659,0.7299015303895471,2.3991775401251427,-0.18829572168665518
1783621434.483,1.539902687072754,0.3559674322605133,0.6896568510873313,0.2267854227522054,0.8600034727785433,0.7336351434234749,2.3813148613989608,-0.21033679925293908
1783621434.516,1.5465493202209473,0.37348687648773193,0.700937178998338,0.26963940840879186,0.8519648995172822,0.7338803077086895,2.361657729728323,-0.23087928189679333
1783621434.55,1.5526270866394043,0.39093777537345886,0.7218246586929253,0.3042339756170002,0.8353144456873546,0.7289473606411533,2.340320576622,-0.24738042372804858
1783621434.583,1.5603320598602295,0.40870213508605957,0.7500690805369046,0.3299401151221311,0.8140820299273956,0.7199123292483163,2.3182546674602484,-0.25712455711318294
1783621434.616,1.5704262256622314,0.4269790053367615,0.7901621995592346,0.3519886863128861,0.783859361351104,0.707237868320956,2.294253341824752,-0.2783350624749315
1783621434.65,1.5830512046813965,0.4464266002178192,0.826615738611307,0.36553840655051006,0.760747996516214,0.6928050774012803,2.269971182558553,-0.27794752138174433
1783621434.683,1.5956872701644897,0.46595239639282227,0.8688707151568728,0.37849248974515215,0.7320597925743222,0.6776948418162697,2.2451001585745853,-0.2862823542002804
1783621434.716,1.6087826490402222,0.4858921766281128,0.9128493426772507,0.3921343454289732,0.7022205478455211,0.6631212156496658,2.2191094434944247,-0.2986023609212947
1783621434.75,1.6219124794006348,0.5063527822494507,0.9567044495672697,0.40642912371593004,0.6726711384395132,0.6492774630937753,2.1918088763479453,-0.3117584774769905
1783621434.783,1.635364294052124,0.5275585651397705,0.9965300968572663,0.42226696442407585,0.6474530505657314,0.6378164630555401,2.164309925734906,-0.31783804443977093
1783621434.816,1.6480531692504883,0.5503075122833252,1.0318634164307026,0.44044711547720466,0.6259066370206557,0.6287703822309455,2.1366927496706634,-0.3203489574955862
1783621434.85,1.6612861156463623,0.5726019144058228,1.0631187818942123,0.45909431242521526,0.6088416336581657,0.6210234325519707,2.1091412205227016,-0.31911333062362074
1783621434.883,1.6750681400299072,0.5946739315986633,1.0875966430510169,0.4797521504545119,0.5986065281501386,0.6159916182211255,2.0829137101302564,-0.3085287058611995
1783621434.916,1.6897032260894775,0.6168768405914307,1.1044094619815679,0.5028763399022813,0.5962926332439318,0.6135386464163837,2.058386526561626,-0.2898702731705441
1783621434.95,1.7052130699157715,0.6381365656852722,1.1146801190941682,0.5281560676352908,0.6006870033198588,0.6129277838385222,2.0358498034195645,-0.2650813229772462
1783621434.983,1.7209863662719727,0.6589137315750122,1.1206959560633933,0.558551275022592,0.608622378222836,0.6153374969369657,2.0156107091401365,-0.2405741202423169
1783621435.016,1.7348272800445557,0.6786227822303772,1.1239850442573665,0.5946710938888059,0.6165842383623606,0.6204496686925703,1.9970301230019016,-0.22051634385515717
1783621435.05,1.7465629577636719,0.6979779005050659,1.124608888546774,0.6361735648884501,0.625017311853415,0.6278354639452479,1.9797614383969453,-0.20353312663942652
1783621435.083,1.7583649158477783,0.7170830965042114,1.123131013231732,0.6820598622774696,0.636198662344172,0.6374878958216121,1.9639722650535472,-0.18877022464470153
1783621435.117,1.7723119258880615,0.7360016107559204,1.1235737232849183,0.7323222997193017,0.6487486361037386,0.6485800621704577,1.9486030965300492,-0.18325114455595445
1783621435.15,1.782778263092041,0.7544094920158386,1.1251527857186259,0.7848227935189063,0.6583283659382517,0.6601029126756297,1.9332996022552438,-0.18044046801544095
1783621435.183,1.7956792116165161,0.7721250653266907,1.133471087909717,0.8379118767851205,0.6654678832709708,0.6713299379916704,1.9173516159731658,-0.1897155114937486
1783621435.216,1.8108172416687012,0.788575291633606,1.1483241762413587,0.8892378619595138,0.6700970189487008,0.6812020377776389,1.8999472880959942,-0.20713605163523163
1783621435.25,1.8245885372161865,0.8048296570777893,1.1687932543021224,0.937238878860786,0.6690288895896171,0.6890402747735284,1.880683915326724,-0.22741886437201306
1783621435.283,1.8363690376281738,0.8202230930328369,1.1912991223141451,0.9810591780092137,0.664818352539832,0.6954646559430985,1.8604335573624082,-0.24173129931626772
1783621435.316,1.8466463088989258,0.8358666896820068,1.2192462085146945,1.0226597772686625,0.6546163330778568,0.700841208332356,1.8385430209707625,-0.26212016230291885
1783621435.35,1.8559348583221436,0.8519256711006165,1.2591585660375182,1.060435965085529,0.6321538465679533,0.704352398443154,1.8135785097493553,-0.30044382892360055
1783621435.383,1.8679512739181519,0.8679882287979126,1.3193187120690242,1.0952982143755619,0.593858162749699,0.7063357008515756,1.7826144680830236,-0.3710808889135482
1783621435.416,1.8824689388275146,0.8853653073310852,1.3949456582023634,1.12385153484923,0.5427288732574915,0.7071032910570703,1.7451683797730793,-0.4529882091677827
1783621435.45,1.8985017538070679,0.9024075269699097,1.4716983003742452,1.143415630172262,0.49014905250482665,0.7059595814205052,1.702463292426538,-0.5148202980443326
1783621435.483,1.9163639545440674,0.9205046892166138,1.5309336707291525,1.1548005095769207,0.45105546789719225,0.7021324865278572,1.6586368038436623,-0.5210196150958073
1783621435.516,1.9317504167556763,0.9393026828765869,1.577011535970085,1.1596390026114738,0.41759761413988983,0.696168533151566,1.6173373504144362,-0.49368086968800573
1783621435.55,1.946883201599121,0.9586113691329956,1.6044178389102974,1.1628978673864492,0.39876747361118337,0.6887803409250947,1.5806646346059345,-0.4336254264676561
1783621435.583,1.9596099853515625,0.9780643582344055,1.6269820664482497,1.1656428103043293,0.38187302616825075,0.6814642572589972,1.5491782847848716,-0.3749206776315692
1783621435.616,1.9733283519744873,0.9973493814468384,1.6580713865727459,1.168130207754824,0.35854294703529327,0.6749087680035142,1.5198012605751359,-0.34774369374673203
1783621435.65,1.984715223312378,1.0167862176895142,1.6819748339886365,1.1749060238133993,0.34154592138765993,0.6696420210034677,1.4933082869069523,-0.3109090383432462
1783621435.683,1.9967061281204224,1.035977840423584,1.6994050817255908,1.1839480534010023,0.33208898824869865,0.6653239483678619,1.4707210572039973,-0.26874804032450356
1783621435.716,2.0088443756103516,1.0546236038208008,1.717204832824877,1.1964061681123688,0.32427753306884094,0.6626326137359357,1.4507657065474664,-0.23788068781315272
1783621435.75,2.0210952758789062,1.0732522010803223,1.7373847885745815,1.2134525939702314,0.31646135747187576,0.6622725216528661,1.4324167668203494,-0.22152998963722495
1783621435.783,2.034327268600464,1.0903191566467285,1.7612880429280895,1.2342214698871743,0.3086394247527706,0.663710466989181,1.4143804637265234,-0.21810722878599573
1783621435.816,2.0471560955047607,1.1069104671478271,1.795906316153399,1.2466634478866376,0.2875019082536502,0.663486992545154,1.3945158510680606,-0.2448909179318035
1783621435.85,2.061746120452881,1.122431993484497,1.8478696835404977,1.2507896893871115,0.2494370228409661,0.6626393987456985,1.3693653681302003,-0.3105141023899297
1783621435.883,2.077235698699951,1.1373157501220703,1.904974870167976,1.2499293163054728,0.20580478209960548,0.6614070533921884,1.338507504305272,-0.3799355589118706
1783621435.916,2.0943548679351807,1.1521114110946655,1.9537559986312907,1.2444007145918556,0.16818251273402002,0.6588304495067148,1.3045984624896452,-0.4291657420218707
1783621435.95,2.1129400730133057,1.1664984226226807,1.989723775441385,1.2379384961654318,0.1424287193480507,0.6549247460158656,1.2693938633170525,-0.4515551227976249
1783621435.983,2.12943959236145,1.1782686710357666,2.013350930962422,1.2370419251130766,0.1301186869756005,0.6510954326455378,1.2349576374947233,-0.4396086697140852
1783621436.016,2.147444248199463,1.1898488998413086,2.0319083981465305,1.2366180512178273,0.12464303497561911,0.6469460908585948,1.2026789748223718,-0.41712906134688377
1783621436.05,2.1648075580596924,1.2000389099121094,2.052990731205913,1.2469108138119265,0.12124346639238653,0.6469055524279594,1.1725862719599975,-0.380511288973478
1783621436.083,2.1811647415161133,1.210100769996643,2.078640403210607,1.2614775198696122,0.11467698274933598,0.6488252421810369,1.144570611046439,-0.3444968781571908
1783621436.116,2.195970296859741,1.2188701629638672,2.1068499080436323,1.277003409938458,0.10640450228511575,0.6518112325330264,1.1191457900871669,-0.3126277259038826
1783621436.15,2.209656238555908,1.2273261547088623,2.1419114193996887,1.2875772843715654,0.09066178438648088,0.6543631116684966,1.094067640551641,-0.3028524488498471
1783621436.183,2.21980619430542,1.2355087995529175,2.1732879045027804,1.2890930905407976,0.07095933713639214,0.6535134607480053,1.069646975385277,-0.3012620089805925
1783621436.216,2.2311110496520996,1.2420551776885986,2.213769437420599,1.2872906873537846,0.04844566904746869,0.6539657464084663,1.0436524074422024,-0.31624065771872806
1783621436.25,2.242465019226074,1.2509984970092773,2.257046455966813,1.2839949121618988,0.03607466854107344,0.6549551260844276,1.016307394210238,-0.32952574464259976
1783621436.283,2.255307197570801,1.25931715965271,2.2992208103239515,1.2738624419582167,0.046259816497480545,0.6536904119780654,0.9873376923291515,-0.3468825456759109
1783621436.316,2.2732577323913574,1.268498182296753,2.3402419629738604,1.2584525781024887,0.06773331019784691,0.6512956916763685,0.9572585602560792,-0.3636545452459428
1783621436.35,2.2943968772888184,1.2766168117523193,2.377705457795489,1.2426817749835888,0.08995502379818199,0.6481122804049402,0.9262461190982112,-0.37183437544372366
1783621436.383,2.3142588138580322,1.2851433753967285,2.411022214811465,1.2318061972927723,0.11048986529165448,0.6458939176523285,0.8963722148393654,-0.3615474989533103
1783621436.416,2.3320913314819336,1.2936331033706665,2.4368598191264175,1.2255566177687116,0.12494336274978972,0.6430550857541919,0.8687634270356952,-0.33432623722301036
1783621436.45,2.350586414337158,1.3019366264343262,2.461931424979291,1.2158591551595244,0.1407374948475389,0.6390297873968032,0.8422830127031329,-0.3187580783135461
1783621436.483,2.372671365737915,1.3097877502441406,2.4827443140130985,1.2052573649544416,0.15179807439755005,0.6340156582497547,0.8175297354207429,-0.30293972965549215
1783621436.516,2.399237632751465,1.3173404932022095,2.503548548668174,1.1911633113688707,0.16371147911733677,0.628434221154802,0.7931015077990491,-0.3008122116131812
1783621436.55,2.430232048034668,1.3240938186645508,2.516139260393274,1.1817862322468609,0.1662272489312595,0.6214540291866827,0.770270602484389,-0.2812105405622327
1783621436.583,2.4632318019866943,1.3328222036361694,2.5254049273267056,1.177516500784565,0.16728825079118864,0.6151471317812179,0.7501146964254359,-0.25295423968556946
1783621436.616,2.4924943447113037,1.341566801071167,2.5347427087075705,1.1809567329450459,0.16607383371211226,0.6109129073036356,0.7328424573701722,-0.21848717359947764
1783621436.65,2.5229320526123047,1.348236322402954,2.548057211622811,1.1919062950529107,0.15833619632468296,0.6096695692765309,0.7182998400546778,-0.1842290926805637
1783621436.683,2.5514111518859863,1.3559061288833618,2.5658238912341305,1.2058695070494152,0.15072728666986696,0.610930860677929,0.7060462513704349,-0.1586816208208991
1783621436.716,2.576555013656616,1.364620327949524,2.5864176349875914,1.2243844529205001,0.14058226041956426,0.6142290328145122,0.695754795706395,-0.13530205546874144
1783621436.75,2.5988729000091553,1.3739694356918335,2.608343213830733,1.2464636628411299,0.12785698633291182,0.6185367319447348,0.6872787503743698,-0.11323809553377057
1783621436.783,2.6217947006225586,1.383523941040039,2.6321212473740743,1.271528239006936,0.11247077327776689,0.6243807918960184,0.6805613587344874,-0.09389410769687945
1783621436.817,2.6455259323120117,1.3928382396697998,2.658410214812151,1.2980264836128255,0.09568319508748968,0.6313509154267162,0.6749321773665216,-0.08225917706903334
1783621436.85,2.672572374343872,1.401063084602356,2.6851735490821773,1.3259028132565285,0.07620929072996098,0.6384530026670076,0.6701607287781548,-0.07239636665529685
1783621436.883,2.6995601654052734,1.409582257270813,2.7108197267795937,1.3569111919075172,0.053861107014678625,0.646068275413592,0.6667135654399878,-0.057605603737543566
1783621436.917,2.7216339111328125,1.4168733358383179,2.7362993054653812,1.391566581402351,0.029249027522501803,0.6543819445371388,0.6647625650265856,-0.03984313702763033
1783621436.95,2.7415175437927246,1.4229782819747925,2.7596438894208277,1.4300014331880064,0.01943936878587166,0.6624958004759252,0.6647505672607172,-0.016230216097836293
1783621436.983,2.7598986625671387,1.4296131134033203,2.780223372032874,1.4710134202329541,0.04612026908480025,0.670652234661334,0.6669108620164432,0.010390771616787538
1783621437.017,2.777597665786743,1.436985731124878,2.797851776285736,1.507980161942994,0.07382708310162113,0.6768941232119522,0.6704532358196409,0.02724623435108281
1783621437.05,2.793492555618286,1.4446983337402344,2.814782861427255,1.5343784458653584,0.09217266206535556,0.6796632363107228,0.6736218521250268,0.022057386367941696
1783621437.083,2.809032440185547,1.4512426853179932,2.8351574084194553,1.548248816346719,0.10046244782198492,0.6804519503070168,0.6742640062614629,-0.007992353979994225
1783621437.117,2.8241748809814453,1.4573116302490234,2.8614358575880683,1.5518216986432145,0.10159002611257652,0.6807451563794719,0.6708915790164509,-0.054968360206277614
1783621437.15,2.844909191131592,1.4651687145233154,2.889549108732186,1.5417998512925908,0.08868513610486951,0.6788710804970856,0.6624611444097699,-0.11648028443187822
1783621437.183,2.865246295928955,1.4714181423187256,2.921431375342438,1.5241838654453348,0.07707778334755988,0.6769070053289292,0.6486411431559169,-0.18010891796222753
1783621437.217,2.884976387023926,1.4789750576019287,2.956304020302807,1.5034836616925915,0.07542083892160965,0.6757734358612572,0.630096229294971,-0.23477217061481917
1783621437.25,2.904853105545044,1.4863073825836182,2.9885939223853883,1.4817882351306502,0.08386266808771216,0.6737129067783415,0.6080592518984425,-0.27357848277920105
1783621437.283,2.9238319396972656,1.4957587718963623,3.014946099031726,1.4583557120011466,0.09849253230956415,0.6698944591800948,0.5841734686893223,-0.2983292968000322
1783621437.317,2.9421443939208984,1.5056636333465576,3.0360603962525157,1.431756128400754,0.1195095593719026,0.6640541998278894,0.5585714660137913,-0.3193173881456661
1783621437.35,2.9554972648620605,1.516614317893982,3.049633160966081,1.4061925507021842,0.14510180427915603,0.655788520388583,0.532116716550358,-0.32794058618598876
1783621437.383,2.9693243503570557,1.52761971950531,3.0596664351522147,1.389629355943539,0.1649334190546156,0.6483099040164928,0.5071929769057504,-0.3130818730344412
1783621437.417,2.9823219776153564,1.5371241569519043,3.073622555714378,1.3793576881917247,0.18228015313322582,0.6435963462934334,0.4838399937141298,-0.29438771124994007
1783621437.45,3.000443458557129,1.5467501878738403,3.0915144083214696,1.3739839997268821,0.1952999581613095,0.6410379805576334,0.4620225036862844,-0.2737637677077604
1783621437.483,3.027894973754883,1.555715560913086,3.1160618004560874,1.3730231842599134,0.2028543660307682,0.6420922889367042,0.4421063672968386,-0.2539284125042581
1783621437.517,3.06010103225708,1.5646839141845703,3.141916175006025,1.37281371101043,0.20858545598654796,0.6438449676826365,0.42343976995179133,-0.24018114380496608
1783621437.55,3.0908913612365723,1.575147032737732,3.167700977203361,1.3720705346544488,0.21711697579584888,0.6453089775817655,0.4054107530036908,-0.23227414979447467
1783621437.583,3.130898952484131,1.5847089290618896,3.187562477322889,1.3741513157883314,0.218048764166665,0.6450950260281352,0.3890350891226344,-0.2166315519031249
1783621437.617,3.1671271324157715,1.5903239250183105,3.203993118837128,1.381804113030487,0.21175366099847462,0.6441990687661404,0.3748253884400059,-0.19183181110504832
1783621437.65,3.203458309173584,1.5974379777908325,3.213081845908235,1.3918506870209735,0.2058124062960582,0.640388198694729,0.36294859233817167,-0.16437423587991773
1783621437.683,3.235893964767456,1.6051931381225586,3.217101748220301,1.4072203943255097,0.19886265282673649,0.6354550409590737,0.354246321424986,-0.1288115522103699
1783621437.717,3.2609362602233887,1.6111778020858765,3.217280239473982,1.4281391890227728,0.1881727451565109,0.6296719415258535,0.34901437030506344,-0.08756680083355245
1783621437.75,3.2787275314331055,1.6166291236877441,3.214703670632857,1.4511868793987244,0.17739839612340721,0.6228599820878548,0.3469436026681785,-0.049813419428409715
1783621437.783,3.2991943359375,1.6230766773223877,3.211378639688364,1.4763099590811426,0.17103235393055188,0.6163800977211691,0.3477813995181651,-0.01439582778275994
1783621437.817,3.3116040229797363,1.6267099380493164,3.20805359652235,1.4993480709235476,0.16414547211930217,0.6099105191354375,0.350486384471866,0.00892956411248014
1783621437.85,3.325418710708618,1.6331801414489746,3.2075481470077603,1.5202621529534035,0.16322972129193852,0.6042135203230327,0.3541538075484363,0.02163935664482027
1783621437.883,3.3425331115722656,1.63973867893219,3.210617332512402,1.5416618566047633,0.1643801564752155,0.6003365122659008,0.3584856600302504,0.03173788645434016
1783621437.917,3.357644557952881,1.6472654342651367,3.220456435227173,1.562437743270965,0.16129574754594916,0.5990346355165245,0.3628913460956191,0.034280191981389596
1783621437.95,3.3759427070617676,1.6519315242767334,3.236627446377192,1.5836516406188212,0.15514794349893674,0.6000280721069444,0.36715923878265677,0.033817920597054726
1783621437.983,3.395083427429199,1.6544888019561768,3.252087410690603,1.6026430747161353,0.1521047015583467,0.6006572129598008,0.37105692338985996,0.0319502084799468
1783621438.017,3.4130380153656006,1.6584181785583496,3.2696057978137274,1.621824032047579,0.14802679686698494,0.6021340452173031,0.37479666267656153,0.031959066495119176
1783621438.05,3.432040214538574,1.6607940196990967,3.2861956308819185,1.6394151251235602,0.14740318760208396,0.6027601178444504,0.3784130368961778,0.03201558895370329
1783621438.083,3.449312925338745,1.6659071445465088,3.2998115326395325,1.656732304815412,0.1497826562159167,0.6024894942766019,0.3822184806323192,0.036019684124385366
1783621438.117,3.4659337997436523,1.6684156656265259,3.3087657968764255,1.6716743196695798,0.15720178100595728,0.6000849442060622,0.3862472247319788,0.040004781181244176
1783621438.15,3.4852499961853027,1.671746850013733,3.312607815986838,1.6826399147400077,0.1729854943132805,0.594864039871231,0.3902517660680216,0.04021995100012867
1783621438.183,3.503664016723633,1.6666399240493774,3.3065088531796007,1.6904870756212305,0.19859215782644835,0.5856960360182336,0.39444477408019774,0.043140113963825534
1783621438.217,3.526686191558838,1.6660797595977783,3.2940753984894635,1.6996852973566197,0.2350257713962965,0.5745722741820511,0.3997183164247162,0.05723047930578752
1783621438.25,3.5476694107055664,1.6682500839233398,3.2786968534529173,1.7111245793982601,0.2723682413888568,0.5627137221288094,0.40670020837740184,0.07677500005816025
1783621438.283,3.572516679763794,1.668445348739624,3.2655179402097625,1.7230430846127034,0.31181587331345173,0.5522401132665354,0.4148318998352436,0.0919067867545343
1783621438.317,3.5955724716186523,1.6684033870697021,3.2629258788701927,1.741054044172079,0.3404876996964306,0.5470795820573986,0.42429450285051384,0.10881987886284014
1783621438.35,3.620699167251587,1.6681888103485107,3.2725345128432606,1.7632985337389078,0.36092171736079715,0.5471817150915174,0.43470985706064447,0.12100097580115095
1783621438.383,3.645303249359131,1.6680877208709717,3.290934956545051,1.7836117550648531,0.3727233416736795,0.5503866046844083,0.4445043663785029,0.11584615935494992
1783621438.417,3.6739187240600586,1.668738603591919,3.3138912457561274,1.7979635116557688,0.38251648591661785,0.55400151426973,0.4523259224818168,0.09262128057423938
1783621438.45,3.7032902240753174,1.6711547374725342,3.3406811246892256,1.807374040984741,0.38735133613677303,0.5577401470360417,0.45738159247427923,0.059595015381067575
1783621438.483,3.732271432876587,1.6756893396377563,3.3752194537283127,1.8156323212926713,0.3834972671717069,0.564284372885417,0.45940182297076504,0.025211081421716696
1783621438.517,3.762420654296875,1.6809738874435425,3.4234510055172582,1.8221437334326502,0.367191160310764,0.5756709984192587,0.4578029403604318,-0.0160684284930633
1783621438.55,3.792278289794922,1.6866141557693481,3.4853502329236803,1.831539438011377,0.3394232896070743,0.5926502846698143,0.4531718729160712,-0.04909175058330835
1783621438.583,3.827471971511841,1.6883363723754883,3.5608133536542943,1.8444450597559765,0.3089931079382775,0.6154233108663771,0.44629493549299504,-0.07493002498826946
1783621438.617,3.8559794425964355,1.6898345947265625,3.639161130995788,1.8555220262998617,0.2728781875246026,0.6387715263999139,0.4374987769113021,-0.09749372040063001
1783621438.65,3.8780527114868164,1.6911767721176147,3.7180041193540894,1.866559924625464,0.23743378451109173,0.6617928741466149,0.4274756510318163,-0.10968654285321147
1783621438.683,3.8949105739593506,1.692918062210083,3.7951027739128116,1.871366552818161,0.204463837268186,0.6832646067549157,0.4161332674583438,-0.12658412430182692
1783621438.717,3.9065427780151367,1.695481777191162,3.865275074197582,1.870939502141193,0.18024548988258796,0.7011545331158803,0.4035301920928349,-0.1429191000848274
1783621438.75,3.918893575668335,1.698742151260376,3.9233476766128192,1.8705474229511416,0.1718629989147212,0.7139212674822696,0.39073313344391725,-0.14601602245669354
1783621438.783,3.9310741424560547,1.7037460803985596,3.9743046769850445,1.8681764920426616,0.17001835015406724,0.7238598377879616,0.3781354653725062,-0.14690524105643368
1783621438.817,3.943664789199829,1.7037475109100342,4.020374456392981,1.8669701842420219,0.18034969955762287,0.7316733093710394,0.36591202696731706,-0.14228001271485177
1783621438.85,3.9595024585723877,1.7050703763961792,4.067089117440263,1.8700792138076916,0.19698427752044453,0.7404880516645447,0.3548882081580378,-0.12906554091222694
1783621438.883,3.9746479988098145,1.7115933895111084,4.115886634642357,1.8708672825989607,0.21287678424665804,0.7497995571371521,0.34427150339255697,-0.12423575804250116
1783621438.917,3.9903900623321533,1.7135117053985596,4.155075721933459,1.8687498191513527,0.22631888661762684,0.7545679719910786,0.33398670599649405,-0.11979669194666223
1783621438.95,4.011590957641602,1.7175413370132446,4.182446153099106,1.8648811341873401,0.22561142179891022,0.7546907191400651,0.3244814366057942,-0.11202336710093429
1783621438.983,4.035000801086426,1.7232296466827393,4.199933456608312,1.8592929891341843,0.21381303518859718,0.750708393839012,0.3156658339808174,-0.10464190031373406
1783621439.05,4.0808868408203125,1.7373640537261963,4.208787417955005,1.8539598205291177,0.1730697271845906,0.7430620006763423,0.3076889025957299,-0.09510917365242763
1783621439.083,4.0998382568359375,1.7465227842330933,4.204404150800773,1.8402765319539982,0.1404414162289042,0.7196580037416092,0.2939816789012104,-0.07977116018848086
1783621439.15,4.133593559265137,1.7509610652923584,4.193229546000557,1.8350693873665134,0.10310509568414669,0.7044489381644706,0.2885002700726709,-0.0678995539115456
1783621439.183,4.148684501647949,1.7530081272125244,4.189740409816887,1.8468432483746433,0.10242371580393751,0.6849995279145585,0.28352224640894397,-0.020766287522059838
1783621439.217,4.164702415466309,1.7558348178863525,4.192657753082542,1.8560675089027532,0.10405812438068843,0.6774265187150271,0.2836202162841124,-0.0015636381895363042
1783621439.25,4.1798248291015625,1.7579803466796875,4.197358536124062,1.8673434841341217,0.11075977029512253,0.6714543529974357,0.28520582820943474,0.016207189318395692
1783621439.283,4.194311141967773,1.7605931758880615,4.204219778934468,1.87926888405577,0.11908864259720521,0.6665155775182998,0.28788424234770194,0.027976663233961314
1783621439.317,4.208096981048584,1.763878345489502,4.210432928399657,1.8935201762698788,0.1296628741703455,0.6614294243264317,0.2917575411746558,0.04063068276374142
1783621439.35,4.22579288482666,1.768714189529419,4.210738768589155,1.900445021129619,0.13258822877530496,0.6533348268857837,0.29533307043464996,0.03532544221955609
1783621439.383,4.248836517333984,1.7732348442077637,4.208042917118294,1.9050649037011722,0.13799739999214916,0.6438456418638143,0.29828415261624386,0.02637020261978999
1783621439.417,4.2723894119262695,1.7731609344482422,4.200824081148212,1.9068318590308162,0.15162292916354386,0.6320470692477967,0.3004001851575957,0.015791136499235484
1783621439.45,4.293289661407471,1.7750110626220703,4.200325028438129,1.9112343405009264,0.16492181304843984,0.6236994413093836,0.30193172963035897,0.009590198752139838
1783621439.483,4.317167282104492,1.7785604000091553,4.22160993935408,1.9223389813137335,0.17263686221510458,0.6249577986015875,0.30312546942012863,0.007800568052103558
1783621439.517,4.342911720275879,1.7834348678588867,4.265089347846443,1.941859288864946,0.17650671041535773,0.6358368414458926,0.30456324519556066,0.012916901051562995
1783621439.55,4.371443748474121,1.789008378982544,4.322411724384352,1.963182185451715,0.1809437875316529,0.6524878268491796,0.30582925896254043,0.011750985022668786
1783621439.583,4.3989362716674805,1.7961913347244263,4.404563183909568,1.9903824533133503,0.19427262462889028,0.679459313938814,0.3067296961739383,0.009839206196861612
1783621439.617,4.423575401306152,1.8033512830734253,4.492651353058275,2.01899772434599,0.22643956090750403,0.708356083324134,0.3075051228660657,0.011595418585076662
1783621439.65,4.445374488830566,1.803855299949646,4.5848612994379785,2.045524075398518,0.27903470637249655,0.7384487206986372,0.3078323663696674,0.0081449966542593
1783621439.683,4.463205337524414,1.8051164150238037,4.671993081045785,2.068738828115957,0.3362872262356624,0.7656738910659175,0.3076884980530945,0.0029038629634192724
1783621439.75,4.499040603637695,1.808056116104126,4.738908145452733,2.087077007477341,0.36795257226861744,0.7836450560916359,0.30745913734327335,0.0019372679181467022
1783621439.783,4.517125606536865,1.8138924837112427,4.801219001801684,2.1110529843460224,0.41111241816637617,0.789885288635999,0.3084553873758096,0.01467362455663318
1783621439.817,4.526835918426514,1.815293550491333,4.799630808500389,2.1150853854295386,0.4053297378012548,0.778709611490613,0.3100946076375224,0.021700561679568842
1783621439.85,4.544243335723877,1.817134141921997,4.783752797994217,2.1215558450670895,0.38734655783004746,0.7628098331913507,0.3132559623623621,0.03831844890634649
1783621439.883,4.558664321899414,1.8123736381530762,4.762854671032182,2.139074137526498,0.3852621379915302,0.7468935301538407,0.31952175927760607,0.0748207798331523
1783621439.917,4.57473087310791,1.8106484413146973,4.736831289770496,2.159269762844311,0.38446504510454294,0.7294478799469638,0.3290110703332352,0.11108981649776106
1783621439.95,4.591960906982422,1.809749960899353,4.713737857593615,2.180285361860655,0.390033471724817,0.7140341539337502,0.3408043852321576,0.14132454845293646
1783621439.983,4.607142925262451,1.8089945316314697,4.695707143342686,2.198162949565181,0.39911862677804355,0.7004581767610599,0.3538862404458518,0.15917660157818023
1783621440.017,4.623941421508789,1.8034992218017578,4.6804115925146945,2.2117033381593645,0.4120915927615252,0.6871935083543486,0.36745530784583913,0.16448039397370737
1783621440.05,4.641915321350098,1.7982126474380493,4.669056211555241,2.2223142027522123,0.42496912492676414,0.6754857084130069,0.3805467703185026,0.1621789254460908
1783621440.083,4.656217575073242,1.7940222024917603,4.661252616602635,2.2284318911692176,0.4344388671148659,0.6644735117485463,0.3925676082184002,0.14878922762941676
1783621440.117,4.668869972229004,1.7901241779327393,4.654970394947566,2.2254763431750044,0.4355739960439916,0.6522193921721348,0.4022268921698089,0.1205166511968854
1783621440.15,4.6860198974609375,1.789206624031067,4.654061725788242,2.22175058608091,0.433722957476818,0.6422860912084043,0.4094585127059296,0.09346796228403897
1783621440.183,4.700830459594727,1.7902255058288574,4.651259873626554,2.2119865429939143,0.4246641207634246,0.6307382094969507,0.4142621118235814,0.06900339073935916
1783621440.217,4.710705757141113,1.7919204235076904,4.656240322498684,2.205364458150121,0.4170161308057518,0.6225929710466462,0.4175669464364593,0.0527466496159599
1783621440.25,4.725847244262695,1.789780616760254,4.667024206414097,2.1979497159700907,0.4123859397839689,0.6168201171432474,0.41917082564867103,0.032448239579424915
1783621440.283,4.740856647491455,1.7837316989898682,4.685765713765198,2.1952730429596534,0.4152123417906649,0.6149978083337356,0.4197915908731602,0.022137175914802278
1783621440.317,4.76174259185791,1.7802259922027588,4.707820579640616,2.190944431031701,0.4142429473094811,0.6138808335433071,0.419228932538076,0.008899963119459904
1783621440.35,4.7722320556640625,1.7690391540527344,4.7367597357614715,2.183935528069445,0.4164099982607118,0.615313276421917,0.41684055133212894,-0.011923343599264216
1783621440.383,4.7863969802856445,1.761472463607788,4.770013984051957,2.1742362352013154,0.413088772185479,0.6181164911979286,0.41236691669483383,-0.03632592537411016
1783621440.417,4.804912567138672,1.780078411102295,4.810916365934606,2.171261354024736,0.3912290127705816,0.6246110292750982,0.40704131844102287,-0.045053599598323966
1783621440.45,4.8092780113220215,1.7666875123977661,4.859061462205979,2.174542475888159,0.4108820551273382,0.6350177953177956,0.40186621560585456,-0.04389316438605122
1783621440.483,4.824306488037109,1.7594234943389893,4.91223714340345,2.184001453369733,0.4335876421761421,0.6481566839455365,0.39748520824200506,-0.03546428397843494
1783621440.517,4.829838752746582,1.7467896938323975,4.972286096411244,2.192972476724112,0.46836985541995874,0.6635122465516144,0.3930113423460524,-0.036942600577016885
1783621440.55,4.839463233947754,1.743698239326477,5.0358114146868935,2.201300069957643,0.49794783208340626,0.6802274443800013,0.3881739076688202,-0.042671636288653274
1783621440.583,4.840282917022705,1.7351586818695068,5.105731288415027,2.2169013365792654,0.550035292723696,0.700198038656256,0.3838825678265656,-0.03361490701731598
1783621440.617,4.847841262817383,1.7315735816955566,5.165101889097386,2.2382232422297768,0.5977860683447049,0.7162780798363004,0.38175129508599914,-0.006762305550872459
1783621440.65,4.86378288269043,1.7404224872589111,5.204269699754287,2.2584587919478416,0.6199136113766492,0.7248309924124688,0.38234927135797303,0.025043812236082125
1783621440.683,4.884340286254883,1.7432494163513184,5.222487499810323,2.272733029717833,0.6282487046217998,0.724423180906761,0.38527075319957493,0.050967218841695305
1783621440.717,4.922082901000977,1.741481900215149,5.219046162870201,2.276796230346999,0.612167142980184,0.713751742039828,0.3896353488395343,0.0648066954865128
1783621440.75,4.9742889404296875,1.7449456453323364,5.204837006436144,2.2723965097362844,0.5756360178965433,0.6979539385067927,0.3941843222701693,0.06505931337582471
1783621440.783,5.060774803161621,1.7497838735580444,5.187181647338392,2.2595885594304903,0.5252423326353595,0.67952757069486,0.3976005611488618,0.04857413646138283
1783621440.817,5.110795021057129,1.7559248208999634,5.163371431913941,2.241392709643344,0.4883066147202387,0.6577992580494932,0.39954119404313015,0.03139464627750052
1783621440.85,5.171168804168701,1.7634732723236084,5.142041232225401,2.225641551784683,0.4630852340415551,0.6380487323515895,0.40061125329791114,0.02160917719661491
1783621440.883,5.262081146240234,1.7675702571868896,5.1271720523035595,2.2111449032856814,0.46363663605077937,0.6211979545468156,0.40070953939912357,0.007343678644690438
1783621440.917,5.341498374938965,1.7669317722320557,5.114074594451496,2.196753511381374,0.48628006680981395,0.6050774780571889,0.3997797735138686,-0.004296847046052957
1783621440.95,5.4192728996276855,1.7751073837280273,5.114261716550659,2.1869764877021307,0.5125114443702485,0.5953692228503632,0.3979429593336712,-0.014853291378909016
1783621440.983,5.455435276031494,1.7795231342315674,5.130440663511008,2.179504654740362,0.5153704637596805,0.592374925244897,0.3946004881321401,-0.032999988053647115
1783621441.017,5.458621501922607,1.7794857025146484,5.157729579345175,2.1739249362494366,0.4961030721348441,0.5940713431146929,0.3895900021425467,-0.053805183457262686
1783621441.05,5.457740783691406,1.7810189723968506,5.191698053622776,2.1698787732773157,0.4711588680722936,0.5983866104150636,0.38301914642247326,-0.07246143304362467
1783621441.083,5.401001930236816,1.7839958667755127,5.224275123174439,2.1662540371480343,0.4211337948336734,0.6024810787366374,0.37550183877805043,-0.08685083431414797
1783621441.117,5.384368896484375,1.7903673648834229,5.249031579686229,2.1614267143381545,0.39496991041836377,0.6032902835637196,0.3675135387526858,-0.09112786450863485
1783621441.15,5.32644510269165,1.7969799041748047,5.264690112817675,2.1558464285010266,0.3641412652478673,0.6001579223400589,0.3597294773186679,-0.08735624884598336
1783621441.183,5.297969341278076,1.802378535270691,5.272030875715424,2.151772044718991,0.35035500344699555,0.5942120442597498,0.3531724577971507,-0.073311462686244
1783621441.217,5.272015571594238,1.8085253238677979,5.27593840916757,2.149152415930036,0.340649680025394,0.5869253244937503,0.34796138008767885,-0.05666911782746905
1783621441.25,5.243181228637695,1.810173749923706,5.277366407606841,2.143097087629512,0.3346738341285837,0.5786088555039829,0.3433554419094822,-0.049944263062765185
1783621441.283,5.217071533203125,1.8133199214935303,5.2775126031889545,2.133397620124635,0.3257343336248366,0.5694916948413293,0.33848009033434856,-0.05345617429142262
1783621441.317,5.190099716186523,1.8156886100769043,5.276685383657276,2.117828563511397,0.3143018123917728,0.5592371745726316,0.3320966382601225,-0.07153192252663453
1783621441.35,5.159838676452637,1.8179645538330078,5.283012514094745,2.104312597582897,0.31171621138284245,0.5525235502667972,0.3245008055578813,-0.08745783651531232
1783621441.383,5.131686210632324,1.8227832317352295,5.304221282748794,2.094851270504783,0.3221635746482626,0.552364614325334,0.31576983902353506,-0.10057052189501313
1783621441.417,5.110919952392578,1.8237636089324951,5.333278171108475,2.0875758274298257,0.3450218312788191,0.5553756683845474,0.3062933337073286,-0.10620091429895054
1783621441.45,5.09303092956543,1.8249638080596924,5.364241918934718,2.079996989926441,0.37228661620819326,0.5593631561964207,0.296494025768399,-0.11084827363231009
1783621441.483,5.078428745269775,1.8265748023986816,5.402331888257405,2.076879623840682,0.40934795672432084,0.5666514311188416,0.28697461259247037,-0.1075880372597228
1783621441.517,5.0322465896606445,1.84468674659729,5.448380291982175,2.078976118634204,0.47755498956379405,0.5773600003904323,0.2782782539868731,-0.0973443396832461
